datetime,open,close,high,low,volume,usd_krw,premium_pct,macd,macd_signal,macd_hist,stoch_rsi_k,stoch_rsi_d,stoch_k,stoch_d,bb_pband,volume_anomaly
2026-08-14 19:00:00,1412,1412,1412,1410,3808797.98730334,1415.780029296875,-0.2669926979230165,0.2773867151918239,0.21761962072878638,0.05976709446303752,62.72560942081618,61.500068971898095,66.66666666666667,66.66666666666667,0.49147011007582214,False
2026-08-14 20:00:00,1411,1411,1412,1410,3828716.16472191,1416.6099853515625,-0.39601481067989647,0.1977028783978767,0.21363627226260445,-0.015933393864727752,61.65282525158351,61.77341353727716,50.0,61.11111111111112,0.33145003438421095,False
2026-08-14 21:00:00,1411,1411,1412,1409,6376147.28390853,1416.47998046875,-0.38687313229351344,0.1330194976801522,0.19751291734611404,-0.06449341966596184,55.62979087126861,60.00274184788943,50.0,55.555555555555564,0.3507623152156442,True
2026-08-14 22:00:00,1411,1410,1412,1410,1975888.52069815,1416.47998046875,-0.45747067082484333,0.0010536638110352214,0.15822106663909827,-0.15716740282806305,39.50781054718268,52.26347555667827,33.333333333333336,44.44444444444446,0.20288350749793901,False
2026-08-14 23:00:00,1411,1412,1412,1410,3174507.80044557,1416.47998046875,-0.3162755937621835,0.05719378070784842,0.13801560945284833,-0.08082182874499991,49.515197815019405,48.21759974449023,66.66666666666667,50.00000000000001,0.5876475560523104,False
2026-08-15 00:00:00,1411,1412,1412,1410,2968044.15218624,1416.47998046875,-0.3162755937621835,0.10052642180107796,0.13051777192249425,-0.029991350121416294,58.823381646473614,49.282130002891904,66.66666666666667,55.555555555555564,0.6184508853698204,False
2026-08-15 01:00:00,1411,1412,1412,1410,1378741.07653889,1416.47998046875,-0.3162755937621835,0.13333089648335772,0.13108039683466693,0.0022504996486907847,74.1739435799437,60.8375076804789,66.66666666666667,66.66666666666667,0.634703976520054,False
2026-08-15 02:00:00,1411,1411,1412,1410,1562534.42030297,1416.47998046875,-0.38687313229351344,0.07774088779865451,0.12041249502746446,-0.042671607228809944,59.48142566946569,64.159583631961,40.0,57.77777777777779,0.42102360557888496,False
2026-08-15 03:00:00,1411,1412,1412,1410,854769.49780867,1416.47998046875,-0.3162755937621835,0.11307360591968063,0.11894471720590769,-0.005871111286227054,56.59506088467897,63.41681004469613,60.0,55.555555555555564,0.6661026492566936,False
2026-08-15 04:00:00,1412,1412,1412,1411,481082.36010969,1416.47998046875,-0.3162755937621835,0.13946734683031536,0.12304924313078923,0.016418103699526135,56.09047484424844,57.38898713279771,60.0,53.33333333333334,0.6661026492566936,False
2026-08-15 05:00:00,1411,1413,1413,1411,712015.84173571,1416.47998046875,-0.24567805523085362,0.23832891196730088,0.14610517689809158,0.0922237350692093,78.59775197995981,63.7610959029624,80.0,66.66666666666667,0.8592106040535112,False
2026-08-15 06:00:00,1413,1414,1415,1412,1064131.38211071,1416.47998046875,-0.1750805166995237,0.39284063494392285,0.19545226850725783,0.19738836643666502,89.2988759899799,74.66236760472938,83.33333333333333,74.44444444444446,0.9999999999999526,False
2026-08-15 07:00:00,1414,1416,1416,1413,1296540.66020568,1416.47998046875,-0.03388543963686391,0.6689641713508081,0.2901546490759679,0.3788095222748402,100.0,89.2988759899799,100.0,87.77777777777779,1.225531543448701,False
2026-08-15 08:00:00,1415,1414,1416,1414,2602375.60353083,1416.47998046875,-0.1750805166995237,0.7181325925089368,0.37575023776256167,0.34238235474637513,85.66603209833951,91.65496936277314,71.42857142857143,84.92063492063492,0.8285643703363496,False
2026-08-15 09:00:00,1414,1414,1415,1414,728489.83653124,1416.47998046875,-0.1750805166995237,0.7484710125897891,0.4502943927280072,0.2981766198617819,71.33206419667904,85.66603209833951,71.42857142857143,80.95238095238096,0.7997718867398553,False
2026-08-15 10:00:00,1415,1415,1415,1414,1488100.32342504,1416.47998046875,-0.10448297816819381,0.8434829256152625,0.5289320993054583,0.31455082630980424,61.784124916348716,72.92740707045576,85.71428571428571,76.19047619047619,0.9280496416613695,False
2026-08-15 11:00:00,1415,1414,1415,1414,748242.15025936,1416.47998046875,-0.1750805166995237,0.8285380378079026,0.5888532870059472,0.2396847508019554,59.78780975579608,64.30133295627462,66.66666666666667,74.60317460317462,0.7392550744586073,False
2026-08-15 12:00:00,1414,1415,1415,1413,2263495.21783102,1416.47998046875,-0.10448297816819381,0.8871591309750784,0.6485144557997735,0.23864467517530485,60.10965861373706,60.56053109529395,83.33333333333333,78.57142857142857,0.8703900601804183,False
2026-08-15 13:00:00,1415,1415,1415,1413,1369993.49456863,1416.47998046875,-0.10448297816819381,0.9229772623057215,0.7034070171009631,0.21957024520475843,55.645478850347885,58.514315739960345,83.33333333333333,77.77777777777779,0.8315943379306006,False
2026-08-15 14:00:00,1415,1414,1415,1413,1595980.58320843,1416.47998046875,-0.1750805166995237,0.8607495616411143,0.7348755260089933,0.12587403563212096,49.46011416880551,55.071750544296826,66.66666666666667,77.77777777777779,0.6613285845139967,False
2026-08-15 15:00:00,1414,1414,1415,1413,1797783.54373498,1416.47998046875,-0.1750805166995237,0.8021865532955417,0.748337731466303,0.05384882182923867,40.956585468769546,48.687392829307655,66.66666666666667,72.22222222222223,0.6459639574174388,False
2026-08-15 16:00:00,1414,1413,1414,1413,1624943.03574592,1416.47998046875,-0.24567805523085362,0.6673900475739174,0.7321481946878259,-0.06475814711390848,21.63537117915572,37.3506902722436,50.0,61.11111111111112,0.47593135460727837,False
2026-08-15 17:00:00,1414,1415,1415,1413,1242236.67551402,1416.47998046875,-0.10448297816819381,0.7137188246003916,0.7284623206703391,-0.014743496069947515,25.70752236145717,29.433159669794147,80.0,65.55555555555556,0.7703828292045407,False
2026-08-15 18:00:00,1415,1415,1415,1413,1923849.04989671,1416.47998046875,-0.10448297816819381,0.7418827516198689,0.7311464068602451,0.010736344759623817,29.779673543758616,25.70752236145717,80.0,70.0,0.7580234232710015,False
2026-08-15 19:00:00,1414,1415,1415,1414,1172979.71300565,1416.47998046875,-0.10448297816819381,0.7554940021152561,0.7360159259112473,0.019478076204008765,44.66951031563793,33.385568740284576,75.0,78.33333333333333,0.7337367475020408,False
2026-08-15 20:00:00,1415,1415,1415,1414,559322.68187354,1416.47998046875,-0.10448297816819381,0.7575484690034955,0.740322434529697,0.017226034473798446,44.66951031563793,39.706231391678166,66.66666666666667,73.8888888888889,0.711538461538359,False
2026-08-15 21:00:00,1414,1414,1415,1414,1510278.13161551,1416.47998046875,-0.1750805166995237,0.6707529833008721,0.7264085442839321,-0.055655560983060015,37.11111723382099,42.15004595503229,33.333333333333336,58.33333333333334,0.5,False
2026-08-15 22:00:00,1414,1415,1415,1414,987404.16553685,1416.47998046875,-0.10448297816819381,0.6748789932680666,0.716102634080759,-0.041223640812692475,43.01949686025818,41.600041469905705,100.0,66.66666666666669,0.6942571724713134,False
2026-08-15 23:00:00,1414,1414,1415,1414,476079.95230318,1416.47998046875,-0.1750805166995237,0.5906486136896092,0.6910118300025291,-0.10036321631291989,33.38721524936765,37.839276447815614,50.0,61.11111111111112,0.4166666666667509,False
2026-08-16 00:00:00,1414,1414,1415,1414,667114.0621577,1416.47998046875,-0.1750805166995237,0.517925112724015,0.6563944865468263,-0.13846937382281133,32.05421105469558,36.153641054773814,50.0,66.66666666666669,0.3639172365122136,False
2026-08-16 01:00:00,1414,1415,1415,1414,478986.3176421,1416.47998046875,-0.10448297816819381,0.5348178101130543,0.6320791512600719,-0.09726134114701757,33.18205107792866,32.87449246066396,100.0,66.66666666666669,0.6863389981246539,False
2026-08-16 02:00:00,1414,1414,1415,1414,324081.63256953,1416.47998046875,-0.1750805166995237,0.46218595980417376,0.5981005129688923,-0.13591455316471857,31.945224031352964,32.39382872132573,50.0,66.66666666666669,0.31366100187534607,False
2026-08-16 03:00:00,1415,1415,1415,1414,466660.42007289,1416.47998046875,-0.10448297816819381,0.47978566728511396,0.5744375438321367,-0.09465187654702278,49.52762165416555,38.21829892114906,100.0,83.33333333333336,0.7332519556614367,False
2026-08-16 04:00:00,1415,1414,1415,1413,11003376.94714333,1416.47998046875,-0.1750805166995237,0.4083348891888363,0.5412170129034767,-0.13288212371464037,30.618479739542888,37.36377514168714,50.0,66.66666666666669,0.3091574908224258,True
2026-08-16 05:00:00,1414,1415,1415,1413,6995694.42991087,1416.47998046875,-0.10448297816819381,0.427473625561106,0.5184683354350026,-0.09099470987389657,47.71930161797949,42.62180100389598,100.0,83.33333333333336,0.7112885636816758,False
2026-08-16 06:00:00,1414,1414,1415,1413,3646045.56253015,1416.47998046875,-0.1750805166995237,0.3578247879547689,0.48633962593895586,-0.12851483798418695,24.138464499776603,34.15874861909966,50.0,66.66666666666669,0.3091574908224258,False
2026-08-16 07:00:00,1414,1415,1415,1413,633711.45692264,1416.47998046875,-0.10448297816819381,0.37895091475388654,0.46486188370194204,-0.0859109689480555,39.59600984544498,37.151258654400365,100.0,83.33333333333336,0.7112885636816758,False
2026-08-16 08:00:00,1415,1415,1415,1414,817546.90467221,1416.47998046875,-0.10448297816819381,0.3911841945564447,0.4501263458728426,-0.058942151316397906,36.948919705190605,33.5611313501374,100.0,83.33333333333336,0.7112885636816758,False
2026-08-16 09:00:00,1415,1415,1416,1414,1624921.01297836,1416.47998046875,-0.10448297816819381,0.3963107334950564,0.4393632233972854,-0.043052489902228985,55.423379557785914,43.989436369473836,66.66666666666667,88.88888888888891,0.7112885636816758,False
2026-08-16 10:00:00,1416,1416,1416,1415,1120649.682829,1416.47998046875,-0.03388543963686391,0.4755829707432895,0.44660717286648627,0.02897579787680321,70.28225303852395,54.21818410050015,100.0,88.88888888888891,1.0276448530102562,False
2026-08-16 11:00:00,1415,1416,1417,1415,1792838.72736073,1416.47998046875,-0.03388543963686391,0.5322710999748779,0.4637399582881646,0.06853114168671326,85.14112651926197,70.28225303852395,75.0,80.55555555555557,0.9550910273084614,False
2026-08-16 12:00:00,1415,1416,1416,1415,504365.26798531,1416.47998046875,-0.03388543963686391,0.5706191089170716,0.485115788413946,0.08550332050312559,100.0,85.14112651926197,75.0,83.33333333333336,0.939713489917938,False
2026-08-16 13:00:00,1415,1416,1416,1415,584029.45908079,1416.47998046875,-0.03388543963686391,0.594161063400179,0.5069248434111926,0.08723621998898645,100.0,95.04704217308732,75.0,75.0,0.8928571428566382,False
2026-08-16 14:00:00,1416,1416,1416,1415,487446.05682198,1416.47998046875,-0.03388543963686391,0.6058345483834273,0.5267067844056396,0.07912776397778776,100.0,100.0,75.0,75.0,0.8547621236593553,False
2026-08-16 15:00:00,1416,1415,1416,1415,582702.34995298,1416.47998046875,-0.10448297816819381,0.5283042639871383,0.5270262803219393,0.001277983665198934,72.43158612274424,90.81052870758141,50.0,66.66666666666669,0.5168934344599546,False
2026-08-16 16:00:00,1416,1415,1416,1415,747545.8413989,1416.47998046875,-0.10448297816819381,0.46154060226376714,0.5139291447103049,-0.05238854244653779,44.86317224548848,72.43158612274424,50.0,58.33333333333335,0.5168934344599546,False
2026-08-16 17:00:00,1416,1416,1416,1415,632032.8266326,1416.47998046875,-0.03388543963686391,0.483745247896195,0.5078923653474829,-0.024147117451287947,40.41144969959098,52.5687360226079,75.0,58.33333333333335,0.820975254739446,False
2026-08-16 18:00:00,1415,1416,1416,1415,552781.48248762,1416.47998046875,-0.03388543963686391,0.4956292836720877,0.5054397490124038,-0.009810465340316155,63.528141030949214,49.60092099200956,75.0,66.66666666666669,0.7929250497066219,False
2026-08-16 19:00:00,1416,1416,1416,1415,363104.96489084,1416.47998046875,-0.03388543963686391,0.4992919409476144,0.504210187399446,-0.004918246451831587,86.64483236230745,63.528141030949214,75.0,75.0,0.7672612419121679,False
2026-08-16 20:00:00,1415,1416,1416,1415,741659.01283901,1416.47998046875,-0.03388543963686391,0.4964716075769502,0.5026624714349469,-0.00619086385799672,85.71391838110534,78.62896392478734,75.0,75.0,0.7450490147046976,False
2026-08-16 21:00:00,1416,1416,1416,1415,375818.03323461,1416.47998046875,-0.03388543963686391,0.4886041485822261,0.4998508068644028,-0.011246658282176691,84.78300439990326,85.71391838110536,66.66666666666667,72.22222222222224,0.7237392270168388,False
2026-08-16 22:00:00,1416,1415,1416,1415,306353.69075549,1416.47998046875,-0.10448297816819381,0.39709996676492665,0.4793006388445076,-0.08220067207958093,55.90139361246745,75.46610546449202,33.333333333333336,58.33333333333335,0.34924432771122754,False
2026-08-16 23:00:00,1416,1416,1416,1415,411032.04372118,1416.47998046875,-0.03388543963686391,0.40065538024964553,0.46357158712553515,-0.06291620687588961,52.19395888090298,64.29278563109123,50.0,50.00000000000002,0.7055446505066004,False
2026-08-17 00:00:00,1415,1415,1416,1415,983062.25156679,1416.47998046875,-0.10448297816819381,0.31910300756408105,0.43467787121324436,-0.1155748636491633,24.243262074669257,44.11287152267989,0.0,27.77777777777779,0.28871143631808055,False
2026-08-17 01:00:00,1416,1415,1416,1414,1496236.82249866,1409.6700439453125,0.3780995473075594,0.2515721969689366,0.3980567363643828,-0.1464845393954462,24.243262074669257,33.5601610100805,50.0,33.33333333333335,0.28871143631808055,False
2026-08-17 02:00:00,1415,1415,1415,1414,281353.58208932,1410.8900146484375,0.29130444675991396,0.19579652260586045,0.3576046936126784,-0.16180817100681794,0.0,16.16217471644617,50.0,33.33333333333335,0.2236146008041134,False
2026-08-17 03:00:00,1415,1415,1415,1414,157794.03717836,1414.989990234375,0.0007074089353340239,0.14986633303237795,0.3160570214966183,-0.16619068846424034,0.0,8.081087358223085,50.0,50.0,0.2236146008041134,False
2026-08-17 04:00:00,1414,1415,1415,1414,338051.79014074,1414.22998046875,0.054447971113918484,0.11217326333189703,0.27528026986367404,-0.163107006531777,0.0,0.0,50.0,50.0,0.2236146008041134,False
2026-08-17 05:00:00,1414,1415,1415,1414,174150.80983092,1413.739990234375,0.08912599023361509,0.0813633282293722,0.23649688153681367,-0.15513355330744147,0.0,0.0,50.0,50.0,0.2236146008041134,False
2026-08-17 06:00:00,1415,1416,1416,1414,1299819.07694405,1413.8699951171875,0.15065068854763808,0.13606935254256314,0.21641137573796357,-0.08034202319540043,32.71412985292133,10.904709950973777,100.0,66.66666666666669,0.7261335084330397,False
2026-08-17 07:00:00,1416,1416,1417,1415,990625.40356765,1413.239990234375,0.1952966081272066,0.17737954990980143,0.20860501057233116,-0.031225460662529736,65.42825970584266,32.71412985292133,66.66666666666667,72.22222222222224,0.7261335084330397,False
2026-08-17 08:00:00,1416,1418,1418,1416,823390.48476177,1411.0699462890625,0.49112049541999486,0.3672678293298759,0.24033757432384012,0.12693025500603577,98.761593039176,65.63466086598,100.0,88.88888888888891,1.3089033592148336,False
2026-08-17 09:00:00,1417,1415,1418,1415,2574101.26225857,1409.2900390625,0.40516577703894285,0.272539070136645,0.24677787348640112,0.0257611966502439,66.04746318625466,76.74577197709111,25.0,63.88888888888891,0.29587585476820827,True
2026-08-17 10:00:00,1416,1414,1416,1412,2505966.35148825,1413.3299560546875,0.04740888300301287,0.11544344318895128,0.22051098742691116,-0.10506754423795989,33.33333333333333,66.04746318625466,33.333333333333336,52.77777777777779,0.03486974529072241,True
2026-08-17 11:00:00,1414,1413,1415,1412,2957961.48365183,1412.4100341796875,0.0417701521538075,-0.08872485078086356,0.15866381978535624,-0.2473886705662198,0.0,33.126932173195996,16.666666666666668,25.000000000000014,-0.11885274775498085,True
2026-08-17 12:00:00,1413,1412,1413,1412,623815.9773801,1412.3599853515625,-0.025488215136093156,-0.3274467352212014,0.0614417087840447,-0.3888884440052461,0.0,11.111111111111107,0.0,16.666666666666682,-0.1661850501234827,False
2026-08-17 13:00:00,1412,1413,1413,1412,1125486.90967377,1411.489990234375,0.10697984229943182,-0.4309758841677649,-0.03704180980631722,-0.3939340743614477,5.871452384108949,1.9571507947029794,16.666666666666668,11.111111111111127,0.0961538461540261,False
2026-08-17 14:00:00,1412,1413,1413,1412,986216.70821161,1412.949951171875,0.003542151516654246,-0.5071770591639506,-0.1310688596778439,-0.37610819948610674,11.742904768217892,5.871452384108943,16.666666666666668,11.111111111111127,0.14134045227103084,False
2026-08-17 15:00:00,1412,1411,1413,1411,2168723.97315875,1413.199951171875,-0.15567161391781278,-0.720643198443895,-0.24898372743105412,-0.4716594710128409,11.742904768217892,9.785753973514906,0.0,11.111111111111127,-0.08385482286521444,False
2026-08-17 16:00:00,1412,1412,1412,1411,1109873.52924927,1412.3299560546875,-0.023362533186595074,-0.7999042112876396,-0.35916782420237126,-0.4407363870852683,11.280591019411409,11.588800185282395,14.285714285714286,10.317460317460332,0.12311081927798663,False
2026-08-17 17:00:00,1412,1413,1413,1411,3229078.34860332,1412.9000244140625,0.007075913667632671,-0.773115498144989,-0.44195735899089483,-0.3311581391540942,15.67414795184365,12.899214579824314,28.571428571428573,14.2857142857143,0.29564211583299344,True
2026-08-17 18:00:00,1413,1412,1413,1411,1530814.00800154,1415.02001953125,-0.21342592257107668,-0.8230888368721025,-0.5181836545671363,-0.3049051823049662,22.40606592018929,16.453601630481447,14.285714285714286,19.04761904761906,0.18031899345465,False
2026-08-17 19:00:00,1412,1412,1413,1411,1380149.72601257,1415.1500244140625,-0.2225929660967752,-0.8528618078191812,-0.5851192852175453,-0.2677425226016359,23.728845253232464,20.603019708421797,14.285714285714286,19.04761904761906,0.21132486540535134,False
2026-08-17 20:00:00,1411,1411,1412,1410,1380396.64703454,1414.8399658203125,-0.2714063719627908,-0.9462410664493746,-0.6573436414639112,-0.28889742498546334,16.78309099555099,20.972667389657577,12.5,13.690476190476204,0.11811869208722284,False
2026-08-17 21:00:00,1410,1412,1412,1410,1204284.45738096,1416.3299560546875,-0.3057166189401922,-0.928846000516387,-0.7116441132744065,-0.21720188724198053,18.51487740543534,19.67560455140626,25.0,17.261904761904777,0.27718972166607714,False
2026-08-17 22:00:00,1412,1411,1412,1410,2863499.65324185,1414.780029296875,-0.26718141467925716,-0.984404327771017,-0.7661961561737287,-0.21820817159728834,24.662880978379185,19.986949793121834,12.5,16.666666666666682,0.17929299743526514,False
2026-08-17 23:00:00,1411,1410,1412,1409,1666540.97817168,1416.550048828125,-0.46239445147340086,-1.0964867285799755,-0.8322542706549781,-0.2642324579249974,27.56928360027925,23.582347328031254,14.285714285714286,17.261904761904777,0.10296666641183831,False
2026-08-18 00:00:00,1410,1409,1411,1408,3634194.60758828,1415.1300048828125,-0.4331760941864934,-1.2515770798852373,-0.9161188325010301,-0.33545824738420715,19.10557922204926,23.779247933569227,14.285714285714286,13.690476190476204,0.049786830874104675,True
2026-08-18 01:00:00,1408,1410,1410,1408,839667.35807781,1409.3800048828125,0.043990628151351664,-1.2790515479462101,-0.9887053755900661,-0.290346172356144,21.7860512579276,22.8203046934187,40.0,22.857142857142872,0.198474017409747,False
2026-08-18 02:00:00,1409,1410,1410,1409,559286.77372558,1410.6800537109375,-0.04820750879326248,-1.2860010423194126,-1.0481645089359355,-0.2378365333834771,31.12078715433565,24.0041392114375,40.0,31.428571428571445,0.2238922216857787,False
2026-08-18 03:00:00,1410,1410,1410,1409,686352.58736864,1407.8800048828125,0.15058066808498793,-1.2767905203345435,-1.0938897112156571,-0.1829008091188864,46.681180731503474,33.19600638125557,40.0,40.0,0.24525806637205166,False
2026-08-18 04:00:00,1410,1410,1410,1409,210623.08007979,1411.8800048828125,-0.133156137654102,-1.2550239800862073,-1.126116564989767,-0.12890741509644021,46.681180731503474,41.49438287244753,40.0,40.0,0.22961717079580185,False
2026-08-18 05:00:00,1410,1411,1411,1409,791805.271327,1412.5999755859375,-0.11326459107956874,-1.1438960755601784,-1.1296724671038494,-0.014223608456328973,63.940184921161766,52.434182128056236,60.0,46.66666666666668,0.41489718412204296,False
2026-08-18 06:00:00,1410,1411,1411,1410,388153.43047665,1410.3800048828125,0.043959437530384934,-1.0437942007827132,-1.112496813839622,0.06870261305690883,81.19918911082006,63.940184921161766,60.0,53.33333333333334,0.436838605920187,False
2026-08-18 07:00:00,1410,1411,1411,1410,486520.13877803,1411.3800048828125,-0.026924349324620903,-0.9534717154069767,-1.0806917941530931,0.1272200787461164,98.97212886698556,81.37050096632245,60.0,60.0,0.4554564596813897,False
2026-08-18 08:00:00,1411,1409,1411,1409,1568426.26277013,1411.6600341796875,-0.18843305861763238,-1.0313846204212496,-1.0708303594067243,0.039445738985474765,74.24031233802074,84.80387677194213,20.0,46.66666666666668,0.07402453710293037,False
2026-08-18 09:00:00,1409,1409,1410,1408,3689167.71929164,1412.3900146484375,-0.2400197263700791,-1.080673823832285,-1.0727990522918365,-0.007874771540448577,49.508495809055965,74.24031233802074,25.0,35.00000000000001,0.11289954783135708,True
2026-08-18 10:00:00,1408,1409,1409,1407,3879218.11520421,1409.3800048828125,-0.02696255669130887,-1.1069753498798036,-1.07963431180943,-0.02734103807037358,24.26274371358397,49.337183953553556,40.0,28.333333333333343,0.14198049480386427,False
2026-08-18 11:00:00,1408,1408,1410,1407,6758211.86402868,1409.6199951171875,-0.1149242436116851,-1.194738934676252,-1.1026552363827946,-0.09208369829345742,16.175162475722672,29.9821339994542,20.0,28.333333333333343,0.013438159900317577,True
2026-08-18 12:00:00,1408,1408,1409,1407,2186443.09460419,1409.780029296875,-0.12626291051681204,-1.249884319520561,-1.132101053010348,-0.11778326651021298,8.087581237861336,16.175162475722658,20.0,26.666666666666675,0.0726058659089539,False
2026-08-18 13:00:00,1407,1407,1408,1407,945049.93261006,1410.300048828125,-0.23399622164568054,-1.3586177769393544,-1.1774043977961492,-0.18121337914320512,0.0,8.087581237861334,0.0,13.333333333333345,-0.04410718758118799,False
2026-08-18 14:00:00,1408,1408,1408,1407,1405808.65332613,1410.9599609375,-0.20978348212895284,-1.348552904240023,-1.2116340990849241,-0.1369188051550989,15.94350093466956,8.01036072417696,25.0,15.000000000000012,0.1700439912028102,False
2026-08-18 15:00:00,1408,1407,1408,1406,2220693.41615448,1411.5400390625,-0.3216372852955237,-1.4050712757232304,-1.2503215344125855,-0.1547497413106449,24.233411357719966,13.392304097463171,20.0,15.000000000000012,0.043183843014900296,False
2026-08-18 16:00:00,1407,1407,1407,1405,4305308.20695934,1411.5799560546875,-0.32445601363512583,-1.4333398428314013,-1.2869251960963488,-0.14641464673505244,32.52332178077037,24.233411357719962,33.333333333333336,26.111111111111125,0.09721518751373562,False
2026-08-18 17:00:00,1406,1406,1407,1405,2577892.88805717,1411.47998046875,-0.3882435843638468,-1.5189253031830958,-1.3333252175136983,-0.18560008566939756,17.798096980654694,24.85161003971501,16.666666666666668,23.333333333333346,-0.008615976297157983,False
2026-08-18 18:00:00,1405,1405,1407,1405,2191142.9483019,1412.2099609375,-0.5105445462736748,-1.64844182849356,-1.3963485397096707,-0.25209328878388937,9.508186557604288,19.94320177300978,0.0,16.666666666666682,-0.061518201469677035,False
2026-08-18 19:00:00,1405,1405,1406,1404,1362366.87686829,1412.760009765625,-0.549280112119848,-1.731129227771362,-1.4633046773220089,-0.26782455044935305,1.2182761345538817,9.508186557604285,14.285714285714286,10.31746031746033,0.02193643088116484,False
2026-08-18 20:00:00,1405,1405,1405,1404,730431.27502143,1412.469970703125,-0.5288587267739548,-1.776184834296373,-1.525880708716882,-0.2503041255794911,0.0,3.57548756405272,14.285714285714286,9.523809523809536,0.082779566625674,False
2026-08-18 21:00:00,1405,1405,1405,1404,731277.46289166,1412.4200439453125,-0.5253425832577463,-1.7912433883054746,-1.5789532446346006,-0.21229014367087395,0.0,0.4060920448512902,14.285714285714286,14.285714285714286,0.13002433944223962,False
2026-08-18 22:00:00,1405,1406,1406,1404,2733977.63961643,1412.3699951171875,-0.45101461651052477,-1.7028562908674303,-1.6037338538811667,-0.09912243698626355,29.837433574336824,9.945811191445603,33.333333333333336,20.63492063492065,0.2750583228231558,False
2026-08-18 23:00:00,1406,1405,1406,1403,6697542.14691068,1412.3299560546875,-0.5189974214781629,-1.6939734505288015,-1.6217817732106938,-0.07219167731810772,46.41371129527106,25.41704828986929,28.571428571428573,25.39682539682541,0.1879900155212065,True
2026-08-19 00:00:00,1405,1405,1406,1404,1766891.0996502,1412.3499755859375,-0.5204075273827393,-1.6677094194881192,-1.630967302466179,-0.03674211702194019,62.98998901620531,46.41371129527106,28.571428571428573,30.15873015873017,0.21758397719639902,False
2026-08-19 01:00:00,1405,1406,1406,1404,871496.68019617,1406.5799560546875,-0.04123164504023057,-1.5483548718693783,-1.614444816346819,0.06608994447744077,66.48588877520181,58.629863028892736,50.0,35.71428571428573,0.35684071826905056,False
2026-08-19 02:00:00,1405,1406,1406,1405,149994.88830881,1406.1099853515625,-0.007821959356543572,-1.4371984043973498,-1.5789955339569253,0.14179712955957546,83.24294438760091,70.90627405966934,60.0,46.190476190476204,0.37580317816061004,False
2026-08-19 03:00:00,1405,1406,1406,1405,410210.58019771,1400.1099853515625,0.4206822828249838,-1.3337316745614771,-1.5299427620778356,0.19621108751635852,100.0,83.24294438760091,60.0,56.66666666666668,0.394978993698277,False
2026-08-19 04:00:00,1406,1406,1406,1405,275165.82485822,1400.0400390625,0.42569932082020534,-1.2374687759770495,-1.4714479648576786,0.23397918888062907,100.0,94.41431479586697,60.0,60.0,0.4148971841222186,False
2026-08-19 05:00:00,1406,1406,1406,1405,574585.04852239,1398.97998046875,0.5017955674317679,-1.147946917815716,-1.4067477554492862,0.2588008376335702,99.99999999999997,99.99999999999999,75.0,65.00000000000001,0.43683860592035023,False
2026-08-19 06:00:00,1406,1407,1407,1405,452752.62341646,1398.1800537109375,0.6308162003637018,-0.9849546139250833,-1.3223891271444457,0.33743451321936235,99.99999999999997,99.99999999999997,100.0,78.33333333333334,0.6942571724700907,False
2026-08-19 07:00:00,1406,1406,1407,1405,780778.03391127,1397.77001953125,0.5887936036509046,-0.9258016167009373,-1.243071625055744,0.3172700083548068,90.18907272218101,96.72969090739365,75.0,83.33333333333334,0.473500053000087,False
2026-08-19 08:00:00,1406,1406,1406,1404,2059250.65265095,1393.1800537109375,0.9201930687217857,-0.868906230081393,-1.168238546060874,0.29933231597948096,80.37814544436208,90.18907272218102,75.0,83.33333333333334,0.5,False
2026-08-19 09:00:00,1405,1403,1406,1402,3056271.59543509,1394.81005859375,0.5871725225803944,-1.0537442464899414,-1.1453396861466876,0.09159543965674621,50.666129743628815,73.74444930339065,20.0,56.66666666666668,-0.17990010364511977,False
2026-08-19 10:00:00,1403,1402,1404,1402,1288918.87720885,1390.1800537109375,0.8502457115184766,-1.2663239545424858,-1.1695365398258473,-0.09678741471663854,27.143723688114452,52.72933295870178,0.0,31.666666666666675,-0.22664794871619487,False
2026-08-19 11:00:00,1403,1400,1403,1398,5334276.9840571,1390.760009765625,0.6643842337638217,-1.5779881251869483,-1.2512268568980676,-0.32676126828888075,3.6213176326000838,27.143723688114452,22.22222222222222,14.074074074074083,-0.27958748404258715,False
2026-08-19 12:00:00,1399,1397,1400,1396,4624626.8253487,1392.199951171875,0.3447815684869541,-2.0435029241227767,-1.4096820703430093,-0.6338208537797674,0.0,10.255013773571513,9.090909090909092,10.437710437710448,-0.30620166731740767,False
2026-08-19 13:00:00,1398,1398,1398,1397,1154031.22930041,1386.1800537109375,0.852699204365217,-2.3051626335552555,-1.5887781829854586,-0.7163844505697969,6.592193039160161,3.4045035572534155,18.181818181818183,16.49831649831651,-0.06724499673899371,False
2026-08-19 14:00:00,1398,1397,1398,1396,2680151.97385588,1386.97998046875,0.7224343301525945,-2.5636690995377194,-1.7837563662959108,-0.7799127332418085,11.453079673718335,6.015090904292832,9.090909090909092,12.121212121212132,-0.04079696399822996,False
2026-08-19 15:00:00,1397,1396,1398,1395,5346460.07189102,1384.8800048828125,0.8029573015698545,-2.8167591330050072,-1.9903569196377302,-0.826402213367277,14.71968795628507,10.921653556387856,8.333333333333334,11.86868686868688,-0.016284654271609723,False
2026-08-19 16:00:00,1395,1396,1396,1395,1108390.01614847,1388.5,0.5401512423478574,-2.9829492260860206,-2.188875380927388,-0.7940738451586324,11.394103199691637,12.522290276565014,8.333333333333334,8.585858585858595,0.055035368227786756,False
2026-08-19 17:00:00,1395,1394,1396,1392,2432679.60895512,1387.6500244140625,0.4576064190694471,-3.2387055756387326,-2.3988414198696573,-0.8398641557690754,6.88737897751808,11.000390044498264,13.333333333333334,10.000000000000009,0.01489639566710355,False
2026-08-19 18:00:00,1393,1392,1397,1392,6188323.76482287,1387.739990234375,0.30697463470124026,-3.561720315879029,-2.6314171990715316,-0.9303031168074973,3.6207706949513465,7.300750957387021,0.0,7.222222222222232,-0.0055375665601677644,False
2026-08-19 19:00:00,1392,1391,1393,1389,3199047.26600189,1387.8299560546875,0.22841731665198214,-3.8539772170258857,-2.8759292026624026,-0.9780480143634831,0.354162412384613,3.6207706949513465,11.11111111111111,8.148148148148158,0.024992874839889698,False
2026-08-19 20:00:00,1390,1392,1393,1390,3928653.63844265,1388.1700439453125,0.2758996328578304,-3.959261373571053,-3.0925956368441327,-0.8666657367269202,7.052662573345509,3.675865226893823,16.666666666666668,9.259259259259268,0.12218354898511981,False
2026-08-19 21:00:00,1392,1387,1392,1386,7264987.13158288,1387.949951171875,-0.06844275408295064,-4.39548957173497,-3.3531744238223005,-1.0423151479126695,8.065165599406205,5.157330195045442,5.0,10.925925925925936,-0.010050582966467849,True
2026-08-19 22:00:00,1388,1388,1389,1385,7673350.76450314,1387.5799560546875,0.030271693063858667,-4.607400672043468,-3.604019673466534,-1.003380998576934,20.52465938343237,11.880829185394694,14.285714285714286,11.984126984126995,0.0872661916697224,False
2026-08-19 23:00:00,1388,1382,1389,1381,4772270.79106641,1388.510009765625,-0.4688486017269594,-5.199554375452863,-3.9231266138637997,-1.276427761589063,15.481941063511623,14.690588682116731,4.3478260869565215,7.8778467908902785,-0.04196740579280958,False
2026-08-20 00:00:00,1382,1380,1384,1379,12747483.5814966,1388.9200439453125,-0.6422287578178056,-5.763782440796604,-4.291257779250361,-1.4725246615462426,14.469438037450924,16.82534616146497,4.166666666666667,7.600069013112502,-0.019436716578026376,True
2026-08-20 01:00:00,1380,1378,1380,1378,4017073.87557275,1394.5799560546875,-1.1888852971609272,-6.299701495515592,-4.692946522503408,-1.6067549730121842,2.009944253424764,10.653774451462438,0.0,2.8381642512077385,-0.0012750011591848036,False
2026-08-20 02:00:00,1378,1378,1380,1377,2933269.25196217,1393.9300537109375,-1.142815858552466,-6.647789626757003,-5.083915143354127,-1.5638744834028762,0.0,5.493127430291897,4.761904761904762,2.9761904761904856,0.0552650220098223,False
2026-08-20 03:00:00,1378,1376,1379,1376,1675397.64243667,1394.97998046875,-1.3605916023520443,-7.004294121299154,-5.4679909389431325,-1.5363031823560211,0.0,0.6699814178082546,0.0,1.5873015873015968,0.05333818471800835,False
2026-08-20 04:00:00,1377,1375,1377,1375,1715499.57162042,1394.2900390625,-1.3835026086444924,-7.283557823617684,-5.831104315878043,-1.4524535077396417,0.0,0.0,0.0,1.5873015873015968,0.07226370427254247,False
2026-08-20 05:00:00,1375,1372,1376,1371,5860642.37191122,1394.280029296875,-1.5979594363200234,-7.658666902942969,-6.196616833291028,-1.4620500696519407,0.0,0.0,3.8461538461538463,1.2820512820512915,0.047340877395587594,False
2026-08-20 06:00:00,1372,1368,1373,1365,8761885.54145756,1394.47998046875,-1.8989143508427306,-8.184365846540231,-6.594166635940869,-1.590199210599362,0.0,0.0,9.375,4.407051282051292,0.010619018439385324,False
2026-08-20 07:00:00,1367,1366,1368,1364,7173931.54737264,1392.2099609375,-1.8826155301927647,-8.662513271335456,-7.0078359630197875,-1.6546773083156685,0.0,0.0,6.0606060606060606,6.4272533022533125,0.02810750017261577,False
2026-08-20 08:00:00,1366,1373,1376,1365,6251408.07139539,1393.1800537109375,-1.4484885609139317,-8.38000754123118,-7.282270278662066,-1.0977372625691135,33.33333333333333,11.11111111111111,31.03448275862069,15.490029606408926,0.22874425729611989,False
2026-08-20 09:00:00,1373,1379,1380,1372,9086102.73968441,1394.8900146484375,-1.1391589646186089,-7.5845400029302255,-7.342724223515698,-0.24181577941452748,66.66666666666666,33.33333333333333,51.724137931034484,29.606408916753754,0.395912362951493,False
2026-08-20 10:00:00,1380,1379,1380,1376,9336492.27732959,1393.280029296875,-1.0249216953236229,-6.8748769458234165,-7.249154767977243,0.3742778221538261,100.0,66.66666666666666,53.57142857142857,45.4433497536946,0.41467013653914375,False
2026-08-20 11:00:00,1378,1379,1380,1377,4360012.24187722,1394.47998046875,-1.1100898317340098,-6.24052695013188,-7.0474292044081706,0.8069022542762907,100.0,88.88888888888889,60.0,55.098522167487694,0.4339775544217947,False
2026-08-20 12:00:00,1379,1378,1380,1376,6655689.65795348,1396.2900390625,-1.309902566860703,-5.7521840537910975,-6.7883801742847565,1.036196120493659,98.60760313693177,99.53586771231059,56.0,56.52380952380954,0.42504053976419853,False
2026-08-20 13:00:00,1377,1380,1380,1376,4858248.90795675,1394.780029296875,-1.0596674017712877,-5.144483105902509,-6.459600760608308,1.3151176547057988,98.60760313693177,99.07173542462117,80.0,65.33333333333334,0.512177762653664,False
2026-08-20 14:00:00,1379,1380,1381,1378,4252467.67008758,1394.489990234375,-1.0390888665998697,-4.609737541534969,-6.089628116793641,1.479890575258672,98.60760313693177,98.60760313693177,94.11764705882354,76.70588235294119,0.5359487610358237,False
2026-08-20 15:00:00,1380,1378,1381,1377,3658375.14010041,1392.280029296875,-1.0256578415540916,-4.29778887952034,-5.731260269338981,1.4334713898186413,97.04551265255986,98.0869063088078,82.3529411764706,85.49019607843138,0.4833656465244286,False
2026-08-20 16:00:00,1378,1379,1380,1377,3305434.44126203,1393.3800048828125,-1.0320231977221392,-3.9246349263232787,-5.369935200735841,1.4453002744125625,96.21230277251468,97.2884728540021,88.23529411764706,88.23529411764707,0.5607196887677225,False
2026-08-20 17:00:00,1378,1379,1380,1374,8013707.18154574,1394.72998046875,-1.1278154688740085,-3.587552656139451,-5.013458691816563,1.4259060356771123,95.3790928924695,96.21230277251468,88.23529411764706,86.27450980392159,0.587691556384297,False
2026-08-20 18:00:00,1379,1381,1386,1378,9077416.56522612,1394.760009765625,-0.9865503505464878,-3.1230289099139554,-4.635372735436042,1.5123438255220867,98.33358023990962,96.64165863496459,77.27272727272727,84.58110516934046,0.7425356250358451,False
2026-08-20 19:00:00,1381,1382,1384,1380,6208732.97954763,1394.97998046875,-0.9304779029436957,-2.643723651077835,-4.237042918564401,1.5933192674865664,99.16679011995481,97.62648775077798,81.81818181818181,82.4420677361854,0.8031695312948064,False
2026-08-20 20:00:00,1381,1383,1384,1380,5580956.25149658,1393.739990234375,-0.7705877932489356,-2.158299603259138,-3.821294255503349,1.662994652244211,100.0,99.16679011995481,86.36363636363636,81.81818181818183,0.841620764832155,False
2026-08-20 21:00:00,1383,1380,1384,1378,4337098.46428935,1393.93994140625,-1.0000388820329629,-1.992701849517971,-3.4555757743062734,1.4628739247883025,90.9965284874958,96.72110620248353,71.42857142857143,79.87012987012987,0.659036606290429,False
2026-08-20 22:00:00,1379,1379,1382,1378,3196332.74565833,1393.760009765625,-1.0590065479140163,-1.920023246449773,-3.1484652687349737,1.2284420222852006,68.94618394647651,86.64757081132409,50.0,69.26406926406928,0.5979928823808526,False
2026-08-20 23:00:00,1379,1376,1380,1375,5206501.04670684,1394.2099609375,-1.3061132431771747,-2.0805169534883134,-2.934875605685642,0.8543586521973285,35.61285061314317,65.18518768237182,16.666666666666668,46.031746031746046,0.42506426641464673,False
2026-08-21 00:00:00,1376,1375,1378,1373,9278583.70134439,1392.219970703125,-1.2368714043390894,-2.262322371213486,-2.800364958791211,0.538042587577725,11.282988792314047,38.614007783977904,15.384615384615385,27.350427350427363,0.36742139442591143,False
2026-08-21 01:00:00,1375,1372,1376,1372,4413705.66892035,1387.5799560546875,-1.12281501233169,-2.618297301098437,-2.7639514272526564,0.14565412615421947,0.0,15.631946468485737,0.0,10.683760683760694,0.19449277845970556,False
2026-08-21 02:00:00,1372,1372,1374,1370,5774418.98338686,1382.47998046875,-0.7580565806961349,-2.8673568923063613,-2.7846325202633975,-0.08272437204296379,0.0,3.760996264104679,12.5,9.294871794871804,0.15462725297969523,False
2026-08-21 03:00:00,1372,1375,1377,1371,3630457.85688141,1380.8800048828125,-0.4258157741455242,-2.790496379522665,-2.785805292115251,-0.004691087407413974,14.063914263446781,4.687971421148923,31.25,14.583333333333343,0.2587794586725894,False
2026-08-21 04:00:00,1375,1375,1376,1374,1041849.434143,1382.3800048828125,-0.5338622416951205,-2.698477500509398,-2.7683397337940803,0.06986223328468233,28.127828526893563,14.063914263446778,31.25,25.00000000000001,0.239192369621197,False
2026-08-21 05:00:00,1375,1375,1376,1373,1925616.83754874,1380.97998046875,-0.4330244140628453,-2.5956310568321896,-2.7337979984017022,0.1381669415695126,42.191742790340356,28.127828526893563,31.25,31.25,0.26153758426449547,False
2026-08-21 06:00:00,1374,1378,1379,1374,2124408.43099723,1383.780029296875,-0.41769856295815627,-2.2461572783749943,-2.6362698543963607,0.3901125760213664,55.610168406158635,41.976579907797515,50.0,37.50000000000001,0.5167978285170247,False
2026-08-21 07:00:00,1378,1380,1380,1378,2926632.61467118,1385.47998046875,-0.39552938663869797,-1.7872116425082822,-2.466458212018745,0.6792465695104628,74.8795874760452,57.56049955751473,62.5,47.91666666666668,0.6788935655118459,False
2026-08-21 08:00:00,1379,1378,1380,1376,4984652.93188187,1383.6800537109375,-0.41050340327621077,-1.566815926173831,-2.286529754849762,0.719713828675931,86.89179383335937,72.4605165718544,57.142857142857146,56.54761904761906,0.512480946431066,False
2026-08-21 09:00:00,1377,1377,1378,1372,11381947.32842485,1381.7099609375,-0.3408791331506547,-1.4560578472660382,-2.1204353733330175,0.6643775260669793,82.06536915720073,81.27891682220177,50.0,56.54761904761906,0.441041001953918,True
2026-08-21 10:00:00,1376,1376,1378,1373,14454993.05407403,1381.7099609375,-0.41325322237857726,-1.4324604025687222,-1.9828403791801585,0.5503799766114363,68.0236893869298,78.9936174591633,42.857142857142854,50.00000000000001,0.37249617482836717,True
2026-08-21 11:00:00,1376,1376,1378,1374,8613921.20628521,1381.7099609375,-0.41325322237857726,-1.3976480410244676,-1.8658019115490203,0.4681538705245527,61.23922232923126,70.44276029112059,50.0,47.61904761904763,0.3816107339893984,False
2026-08-21 12:00:00,1375,1376,1377,1373,5903512.05227536,1381.7099609375,-0.41325322237857726,-1.354445785785856,-1.7635306863963875,0.4090849006105315,57.87496068918726,62.37929080178278,60.0,50.95238095238096,0.39397638379041905,False
2026-08-21 13:00:00,1377,1376,1378,1375,5981028.60868085,1381.7099609375,-0.41325322237857726,-1.305162585404787,-1.6718570661980676,0.3666944807932806,57.87496068918726,58.99638123586859,60.0,56.66666666666668,0.40617121083432645,False
2026-08-21 14:00:00,1376,1377,1379,1376,4986150.92696916,1381.7099609375,-0.3408791331506547,-1.1719046639050248,-1.5718665857394591,0.39996192183443435,63.06770770617024,59.60587636151491,70.0,63.33333333333334,0.5089571795487027,False
2026-08-21 15:00:00,1376,1380,1381,1376,10384337.21982145,1381.7099609375,-0.12375686546688708,-0.8148290312324207,-1.4204590748380514,0.6056300436056308,77.10938747644116,66.01735195726621,90.9090909090909,73.63636363636364,0.8032392174300795,False
2026-08-21 16:00:00,1380,1382,1383,1378,10712708.12392741,1381.7099609375,0.020991312988958004,-0.3662389596945559,-1.2096150518093525,0.8433760921147966,91.15106724671206,77.10938747644116,91.66666666666667,84.19191919191921,1.0193185735355832,False
2026-08-21 17:00:00,1382,1379,1383,1377,8534921.12549256,1381.7099609375,-0.19613095469480962,-0.24992207789455279,-1.0176764570263925,0.7677543791318397,85.75089535256741,84.6704500252402,63.63636363636363,82.07070707070709,0.7326201007917235,False
